人氣,標題,日期
32,[BOX ] Timberwolves 102:92 Celtics,3/23
32,[情報] 灰狼終止在綠賽主場18連敗,3/23
29,[BOX ] Raptors 98:120 Suns,3/23
99,[情報] 湖人魔術戰L2M報告:三次誤判皆湖人得利,3/23
50,[情報] Jalen Williams明天復出,3/23
30,[新聞] NBA》大三元創紀錄　Jokic強調防守：必,3/23
39,[花邊] JT回歸前有談過 杰倫:就是我們倆來擔,3/23
11,[花邊] Max Shulga成為隊史同日NBA&GL得分球員,3/23
36,[花邊] Darryn Peterson慘遭絕殺,3/23
40,[花邊] 醜1-Chet把自己P成阿拉伯裝扮頭貼後秒刪,3/23
61,[花邊] JT：我不是超人 仍需時間找回過去的感覺,3/23
34,[討論] Keaton Wagler 和 Illinois 的品德與教養,3/23
13,"[情報] NBA Standings (Mar. 23, 2026)",3/23
50,[新聞] 常規賽僅剩11場 金州勇士隊球星柯瑞最快本周復出,3/23
21,[新聞] 薪水砍到剩7分之1仍追夢　河村勇輝雙向合,3/23
2,[情報] Patty Mills 在西班牙聯賽首秀攻下24分,3/23
7,[情報] ESPN列出25休賽季以來十大最好/差補強,3/24
N/A,[公告] 板規v11.2,9/16
12,[情報] 2025-26 NBA Schedule (03/01 ~ 04/18),2/18
15,"[情報] NBA Standings (Mar. 23, 2026)",3/23
